"Txhash","Blockno","UnixTimestamp","DateTime","From","To","ContractAddress","Value_IN(CRO)","Value_OUT(CRO)","CurrentValue @ $0.4847/CRO","TxnFee(CRO)","TxnFee(USD)","Historical $Price/CRO","Status","ErrCode","Method"
"0x62788157503af0accaaf6cc78b2c8976c41f8522bfeb36562c42ca04e33e8963","2162265","1648823472","2022-04-01 14:31:12","0x89a1005fc5175d8b31d3b4784bf202c24b65575b","0x7a3cdb2364f92369a602cae81167d0679087e6a3","","0","0","0","0.1903","0.09223841","0.48","","","Withdraw Payments",""
"0x9b5eb1e3f68b26663117239b676c891c3a008154592bea490680052829523e5f","2162383","1648824242","2022-04-01 14:44:02","0x89a1005fc5175d8b31d3b4784bf202c24b65575b","0x6be34986fdd1a91e4634eb6b9f8017439b7b5edc","","0","0","0","0.820525","0.3977084675","0.48","","","Deposit",""
"0xa254ac246947ecb3e683e51abf28929ad02ecd05e8f5952723cfdea75f92c099","2162447","1648824655","2022-04-01 14:50:55","0x89a1005fc5175d8b31d3b4784bf202c24b65575b","0xb7fe9f58e952481f3d8c1f209f9f7e4bb040a846","","0","3333","1615.5051","0.105","0.0508935","0.48","","","Transfer",""
"0x78f27a9a25dc73d4bb055c0275ca40218ac84676b824091c0a78f9267d22022b","2162460","1648824743","2022-04-01 14:52:23","0x89a1005fc5175d8b31d3b4784bf202c24b65575b","0xb413198d200e371db7d65759ec8b4e67ddb23ad2","","0","3333","1615.5051","0.105","0.0508935","0.48","","","Transfer",""
"0x151707f398fd415a342c791f52e1a6543dc3b86b8c90b508c3020095f9dce4f9","2162463","1648824761","2022-04-01 14:52:41","0x89a1005fc5175d8b31d3b4784bf202c24b65575b","0x6081c9ff62025c2d9bc29e91ebeccfdd1a8aea1c","","0","3333","1615.5051","0.105","0.0508935","0.48","","","Transfer",""
"0x614692f973025bebb7eca2fe2b4693f620010c0d66698ea1441b1b0f401facdd","2162471","1648824808","2022-04-01 14:53:28","0x89a1005fc5175d8b31d3b4784bf202c24b65575b","0x03f8dde73052f5cadb2c54a42a85288d629a599e","","0","3333","1615.5051","0.105","0.0508935","0.48","","","Transfer",""
"0x61b32534d77c0320fd95aba589920995bb3c0e37d3a7edaa2a6705a0985d9b63","2162476","1648824838","2022-04-01 14:53:58","0x89a1005fc5175d8b31d3b4784bf202c24b65575b","0x8479f2ac6a9d94708fe5831cf6b7678ad0fdefd0","","0","3333","1615.5051","0.105","0.0508935","0.48","","","Transfer",""
"0xba349758de6070a1e3f4caa5fa0cacc28bd149d7cd963defa9705e775853daa1","2162480","1648824863","2022-04-01 14:54:23","0x89a1005fc5175d8b31d3b4784bf202c24b65575b","0x06b3ccbbffbf44518324c2c814786329e663e699","","0","3333","1615.5051","0.105","0.0508935","0.48","","","Transfer",""
"0xd00a33be9745f7fedcb4e6543d319c84803273553e8966f101594286b122e818","2162483","1648824881","2022-04-01 14:54:41","0x89a1005fc5175d8b31d3b4784bf202c24b65575b","0x3afe80d9ed9996e12a01dcb7f253fe96e9a0133b","","0","3333","1615.5051","0.105","0.0508935","0.48","","","Transfer",""
"0x8daf2c0224cefef6f5391cbefca497c4453d6461dd9078e758821874d85409a2","2162488","1648824909","2022-04-01 14:55:09","0x89a1005fc5175d8b31d3b4784bf202c24b65575b","0xe3ffd3aaf70e70cab270a9bc525e7f433dd99e4a","","0","3333","1615.5051","0.105","0.0508935","0.48","","","Transfer",""
"0x1f3096496d7459c0b61aedfb55ad662b5283dacdbd67535c7e54fc16cc2ab7bd","2162492","1648824934","2022-04-01 14:55:34","0x89a1005fc5175d8b31d3b4784bf202c24b65575b","0xb8e448911e23e6294779d2886fd00f29359dbe9b","","0","3333","1615.5051","0.105","0.0508935","0.48","","","Transfer",""
"0xc7d0f122b9f85ec6d34cb609521b42efc3e6459ccc6f51a70733ccf52bcc79e6","2162495","1648824952","2022-04-01 14:55:52","0x89a1005fc5175d8b31d3b4784bf202c24b65575b","0x5c7d91de3bf6ef7436892ecd4738b9eca8c3da90","","0","3333","1615.5051","0.105","0.0508935","0.48","","","Transfer",""
"0x1894d21b4f6fb11ec1fa8f5154076946b27b33c842a9dc42209fa85aa8481434","2162511","1648825066","2022-04-01 14:57:46","0x89a1005fc5175d8b31d3b4784bf202c24b65575b","0xa02e128bd1c43414d4ea6acb20920b249b7281ac","","0","3333","1615.5051","0.105","0.0508935","0.48","","","Transfer",""
"0xe187d79ad7c4a0b198c4ceeff14998a7ade1a38bf6a6c82e15ce23b537f37b61","2168630","1648863113","2022-04-02 01:31:53","0x89a1005fc5175d8b31d3b4784bf202c24b65575b","0x4672d3d945700cc3bdf4a2b6704e429d567dc52c","","0","0","0","0.22155","0.107385285","0.48","","","Approve",""
"0x8f726d71203048ebe5594884a4038826d9deba33fc5daca04a7023976adb9185","2168642","1648863185","2022-04-02 01:33:05","0x89a1005fc5175d8b31d3b4784bf202c24b65575b","0x6c53dce19dbb0c639621e3c0db35cf6f95480dbc","","0","0","0","0.763195","0.3699206165","0.48","","","Deposit",""
"0x5f30bd0cd5d625697565124bdbf796469b6ac4426ce86d8b256b004991bd822e","2175905","1648906936","2022-04-02 13:42:16","0x89a1005fc5175d8b31d3b4784bf202c24b65575b","0x6c53dce19dbb0c639621e3c0db35cf6f95480dbc","","0","0","0","0.670405","0.3249453035","0.48","","","Withdraw",""
"0x49b7eadb7f4c33c82b54d2635f64a4a6dadf6281b4a60c57201f1800da258ec5","2176107","1648908171","2022-04-02 14:02:51","0x89a1005fc5175d8b31d3b4784bf202c24b65575b","0x4672d3d945700cc3bdf4a2b6704e429d567dc52c","","0","0","0","0.22155","0.107385285","0.48","","","Approve",""
"0x7a7f3c2112a6bf62e54e06c47a800f7f0211af8c9428dea65ea17d5cd2513ce2","2176114","1648908213","2022-04-02 14:03:33","0x89a1005fc5175d8b31d3b4784bf202c24b65575b","0x07ac10d4baf1a18c337ab0ae705d3cc7672ed2d5","","0","0","0","0.53978","0.261631366","0.48","Error(0)","execution reverted","Deposit",""
"0x42af574759da1f54dc6fdb08e89f8999a1b9b55b645234f3bd7013aa488d9b69","2176126","1648908286","2022-04-02 14:04:46","0x89a1005fc5175d8b31d3b4784bf202c24b65575b","0x9885488cd6864df90eeba6c5d07b35f08ceb05e9","","0","0","0","0.238285","0.1154967395","0.48","","","Increase Allowance",""
